{
  "description": "Discover arbiters",
  "uri": "mongodb://a/?replicaSet=rs",
  "phases": [
    {
      "responses": [
        [
          "a:27017",
          {
            "ok": 1,
            "ismaster": true,
            "hosts": [
              "a:27017"
            ],
            "arbiters": [
              "b:27017"
            ],
            "setName": "rs",
            "minWireVersion": 0,
            "maxWireVersion": 6
          }
        ]
      ],
      "outcome": {
        "servers": {
          "a:27017": {
            "type": "RSPrimary",
            "setName": "rs"
          },
          "b:27017": {
            "type": "Unknown",
            "setName": null
          }
        },
        "topologyType": "ReplicaSetWithPrimary",
        "logicalSessionTimeoutMinutes": null,
        "setName": "rs"
      }
    }
  ]
}
