{
  "description": "Member brought up as standalone",
  "uri": "mongodb://a,b",
  "phases": [
    {
      "responses": [
        [
          "b:27017",
          {
            "ok": 1,
            "ismaster": true,
            "minWireVersion": 0,
            "maxWireVersion": 6
          }
        ]
      ],
      "outcome": {
        "servers": {
          "a:27017": {
            "type": "Unknown",
            "setName": null
          }
        },
        "topologyType": "Unknown",
        "logicalSessionTimeoutMinutes": null,
        "setName": null
      }
    },
    {
      "responses": [
        [
          "a:27017",
          {
            "ok": 1,
            "ismaster": true,
            "setName": "rs",
            "hosts": [
              "a:27017"
            ],
            "minWireVersion": 0,
            "maxWireVersion": 6
          }
        ]
      ],
      "outcome": {
        "servers": {
          "a:27017": {
            "type": "RSPrimary",
            "setName": "rs"
          }
        },
        "topologyType": "ReplicaSetWithPrimary",
        "logicalSessionTimeoutMinutes": null,
        "setName": "rs"
      }
    }
  ]
}
